女,深圳
男,曼谷
男,苏州
女,武汉
男,丰台
女,金华
女,西安
男,北京
女,北京
女,呼和浩特
女,常熟
女,福州
女,长沙
男,广州
女,重庆
男,北京
男,郑州
男,常德
男,攀枝花
男,中山
男,武汉
女,娄底
男,沈阳
女,北京
女,呼和浩特
男,上海
女,南开
女,北京
女,重庆
男,厦门
女,湘潭
女,洛阳
女,马德拉群岛
女,泰恩
男,长沙
女,法尔茅斯
女,大方
男,厦门
女,上海
女,巴埃萨
男,湛江
男,法尔斯
女,北京
女,墨尔本
女,佛山
女,张家界
女,杭州
女,东营
男,上海
女,东营
男,九江
女,温州
女,肇庆
女,湘西
女,广州
女,广州
女,平凉
女,河北
女,韶关
男,凤凰古镇
女,苏州
男,深圳
男,北京
女,广州
男,深圳
女,曼谷
女,广州
男,上海
女,荆门
男,珠海
男,北京
男,青岛
女,天津
女,南京
女,江苏
女,泉州
女,昆明
女,长沙
女,南通
男,永州
女,深圳
女,洛阳
男,昆明
男,深圳
男,北京
男,广州
女,丰台
女,成都
男,南阳
女,广州
女,广州
女,佛山
女,广东
女,长春
女,石家庄
男,自贡
女,汕头
男,福州
男,武汉
女,长春
女,北京
女,大连
女,齐齐哈尔
男,成都
男,合肥
男,惠州
女,哈尔滨
女,桂林
女,北京
男,郑州
女,北京
男,深圳
男,长沙
女,塘沽
男,荆州
男,深圳
女,天津
女,广州
女,太原
女,广州
女,深圳
男,杭州
男,广州
男,厦门
女,深圳
女,陕西
女,武汉
男,长沙
男,桂林
女,M4
女,抚州
男,宜昌
女,株洲
女,苏州
女,毕节
女,大连
男,成都
男,张家口
女,西安
女,株洲
女,荆州
男,上饶
女,日本
女,长沙
女,福州
女,武汉
女,长沙
女,长沙
女,北京
男,郑州
男,科隆
女,长沙
女,东莞
女,渭南
女,成都
男,惠州
女,广州
女,新乡
男,南京
女,黔南
女,湖南
女,长沙
男,上海
女,韶关
女,中山
女,北京
男,厦门
男,常州
女,沈阳
男,儋州
男,广州
女,北京
女,滨海新区
男,北京
女,乐山
男,北京
女,成都
男,厦门
男,石家庄
女,广东清远
男,新乡
女,厦门
女,常德
女,广州
女,长春
男,西城
女,无锡
女,潮州
男,武汉
男,辽宁
男,武汉
女,沈阳
男,长沙
男,葫芦岛
女,长沙
男,岳阳
男,长沙
女,长沙
男,东莞
女,长沙
男,武汉
男,武汉
男,宜昌
男,南京
男,新加坡
男,巴彦淖尔
女,南宁
女,海淀
女,昆明
女,上海
女,重庆
女,广东
男,西安
男,洛阳
男,凤凰古镇
女,惠州
女,江北区
女,茂名
男,潮州
女,广州
女,株洲
男,西安
男,广州
女,长春
女,越南
女,西安
女,西安
男,宁波
男,广州
男,北京
女,深圳
男,北京
女,达喀尔
女,朝阳
男,凤凰古镇
女,江门
女,广州
女,上海
女,佛山
女,广州
女,长沙
女,悉尼
男,仙本那
女,广州
男,广州
女,黄冈
女,襄阳
男,上海
男,北京
女,雅安
男,宁德
女,湖南
女,广州
男,重庆
男,汕头
女,朝阳
女,天津
女,北京
男,武汉
女,衡阳
女,本溪
男,温江
男,成都
男,重庆
女,广州
女,北京
男,台湾
女,重庆
女,武汉
女,泸州
女,武汉
男,武汉
女,武汉
女,深圳
女,上海
男,陕西
男,陕西
男,深圳
男,湘西
女,上海
女,武汉
女,韶关
女,哈尔滨
男,武汉
男,武汉
女,香港
男,兰州
男,努沃勒埃利耶
女,北京
男,北京
男,张家界
女,兰州
男,深圳
女,长沙
女,杭州
男,陕西
男,泉州
女,西安
女,长春
女,广州
男,上海
男,努沃勒埃利耶
女,广州
女,长沙
女,云顶
男,努沃勒埃利耶
女,杭州
女,杭州
女,广州
男,成都
女,惠州
女,长春
男,大连
女,新疆
男,长沙
男,石家庄
女,益阳
男,四川成都
男,黑龙江省哈尔滨市
女,池州
男,长沙
女,广州
女,广州
女,武汉
女,长沙
男,深圳
女,广州
女,成都
女,朝阳
女,吉林
女,滨海新区
女,长沙
男,珠海
女,重庆
男,广州
女,荆州
女,重庆
女,高雄市
女,广州
女,武汉
男,伦敦
女,西安
女,广州
男,张家界
女,无锡
女,凤凰古镇
男,潍坊
女,南宁
男,成都
女,邵阳
女,成都
男,南京
男,南阳
男,温州
男,金华
女,张家界
女,西安
女,西安
男,苏州
女,长沙
女,墨尔本
男,卡拉曼
女,上海
女,长沙
男,辽宁
女,北京
女,长沙
女,北京
男,青岛
女,广东
男,天津
女,深圳
女,深圳
女,长沙
女,龙仁市
女,南宁
女,长沙
女,杭州
女,大连
女,长沙
女,凤凰古镇
女,长沙
男,太原
女,北京
男,长沙
男,成都
男,昌平
男,沈阳
女,武汉
女,岳阳
男,陕西
男,汉中
男,成都
男,巴黎
男,广州
女,银川
男,荆州
男,成都
女,韶关
女,怀化
男,广州
男,成都
女,西安
男,中山
男,北京
女,北京
男,广州
男,广州
女,长沙
女,长沙
女,山西
女,西安
男,汉中
男,太原市
男,北京
女,新余
女,上海
男,遵义
女,武汉
男,常州
女,广州
女,南宁
女,武汉
女,广州
男,海口
男,天津
女,西安
女,广州
女,武汉
女,秦皇岛
女,湘西
男,柳州
女,西安
女,西安
女,郑州
女,广东
女,南京
女,嘉兴
女,惠州
女,广州
女,厦门
女,龙岩
男,广州
男,昌平
女,广州
女,大溪地
女,广州
女,杭州
女,黄冈
女,深圳
女,渝中
女,新加坡
女,南京
女,成都
男,中山
男,广州
女,肇庆
男,海口
女,桂林
女,广州
女,长沙
女,北京
女,西安
女,南京
男,杭州
男,顺义
女,深圳
女,株洲
女,长沙
女,遵义
女,淄博
男,深圳
男,深圳
男,南京
女,长沙
女,北京
女,广州
女,贵阳
女,苏州
男,玉溪
女,北海
男,哈尔滨
女,西安
男,昌平
女,南宁
男,上海
女,南京
男,绥江
男,江门
女,朝阳区
女,北京
女,北京
女,呼伦贝尔
女,承德
女,苏州
男,包头
女,厦门
女,北京
男,柳州
女,武汉
女,西安
男,汉中
男,上海
男,太原
女,松江区
女,深圳
男,凤凰古镇
