男,云南
女,广州
女,长沙
女,洛杉矶
男,海淀
女,呼和浩特
女,太原
男,兰州
男,韶关
男,北京
男,沈阳
女,广州
男,重庆
女,泸州
女,苏州
女,山西
女,大庆
女,昆明
男,南阳
男,阿克苏
女,山西
女,北京
女,武汉
女,南京
女,昆明
男,北京
女,南京
女,上海
男,厦门
女,海淀
男,广州
女,武汉
女,贵港
男,北京
男,上海
男,株洲县
女,北京
女,防城港
女,南京
女,泰国
女,China
女,重庆
女,大连
男,鞍山
男,上海
女,珠海
女,石家庄
男,天津
女,济南
男,北京
男,上海
男,北京
女,深圳
女,广州
女,佛山
女,乐山
女,浦东新区
男,恩施
女,珠海
女,天津
男,广州
女,耶路撒冷
男,杭州
女,达尔文
女,北京
男,上海
男,北京
男,成都
女,昆明
男,成都
女,四川
女,杭州
女,朝阳
女,乐山
女,北京
女,青岛
女,西安
女,西安
男,宁波
女,悉尼
男,沈阳
男,常州
女,上海
女,广州
男,丽江
女,江门
女,上海
女,绍兴
男,朝阳
女,天津
女,上海
女,南京
男,北京
男,杭州
女,儋州
女,黔东南
男,徐州
女,昆明
男,嘉兴
女,长沙
女,广州
女,杭州
女,南京
男,湛江
女,广州
女,广州
女,北京
女,拉脱维亚
女,咸阳
女,广州
女,马努巴
男,沈阳
男,北京
女,武汉
女,成都
男,新加坡
男,抚顺
女,上海
女,苏州
男,广昌
女,北京
女,昆明
女,上海
女,上海
女,三亚
女,广州
女,长沙
男,重庆
女,武汉
男,北京
女,南京
女,上莱茵
女,武汉
女,厦门
女,上海
女,北京
男,深圳
男,杭州
女,朝阳
女,北京
女,南宁
男,丽江
女,广州
女,长春
男,眉山
女,北京
女,长沙
女,深圳
女,大理
男,绵阳
男,锦州
女,深圳
女,珠海
女,朝阳
女,抚州
女,北京
女,天津
女,广州
男,正定
女,上海
女,西安
男,西安
男,南宁
女,阜新
男,丽江
女,温州
男,江门
男,上海
女,南京
男,丽江
男,天津
男,广州
男,成都
女,上海
女,广州
女,无锡
男,杭州
女,北京
女,广州
女,宁波
男,镇江
女,广州
男,深圳
男,hz
男,成都
女,东莞
女,兰州
女,重庆
男,重庆
男,玉林
女,昆明
女,洛阳
男,南京
女,攀枝花
女,昆明
女,成都
男,东莞
男,广州
男,惠州
男,江苏南京
女,广州
男,抚州
女,苏州
男,北京
男,丽江
女,海淀
男,沅江
男,上海
女,天津
男,昆明
男,西城
女,重庆
女,佛山
女,青岛
男,广州
女,上海
男,深圳
男,南京
女,广州
女,泉州
女,成都
女,北京
男,普陀
男,临沂
女,佛山市
男,天津
男,成都
女,鞍山
女,深圳
女,滨海新区
男,苏州
男,苏州
女,北京
男,杭州
男,运城
女,长沙
女,泉州
女,重庆
女,广州
女,澄江
女,北京
男,上海
男,黄山风景区
男,清远
女,武汉
女,深圳
女,湘西
女,西安
女,成都
女,广州
女,衡阳
男,广州
女,上海
男,广州
男,杭州
男,丽江
男,沈阳
男,杭州
女,百色
女,黄浦
女,东莞
男,昆明
男,澳门
男,澳门
男,丽江
女,防城港
男,北京
男,丽江
女,新加坡
男,杭州
女,北京
女,大理
男,嘉兴
男,深圳
女,锡林郭勒
男,上海
女,南宁
男,株洲
男,上海
男,福州
女,深圳
女,深圳
女,杭州
男,昆明
男,丽江
女,东莞
女,玉林
男,深圳
女,吉林
女,摩洛哥
男,丽江
女,北京
女,天津
女,北京
男,昆明
女,成都
女,杭州
男,长沙
女,上海
女,珠海
女,珠海
女,合肥
女,济南
女,洛阳
男,龙岩
女,杭州
男,丽江
女,三亚
女,厦门
女,南京
女,重庆
女,宁波
男,成都
女,北京
女,湘潭
女,深圳
女,北京
男,太原
女,长沙
女,北京
男,德阳
女,南京
女,广州
女,天津
女,北京
女,美国
男,北京
男,昆明
女,广州
女,西安
女,广州
男,西安
女,贵阳
男,济南
男,泽西岛
男,厦门
女,安阳
女,上海
女,广州
女,沈阳
女,南宁
女,南京
女,汕头
女,武汉
男,佛山
男,腾冲
女,阜新
女,上海
男,北京
女,泉州
女,广州
男,Haidian
男,广州
女,昆明
女,广州
女,东营
女,南京
女,天津
女,扬州
女,金华
女,天津
女,邯郸
女,佛山
男,大连
女,大理
男,天津
女,青岛
女,广州
男,唐山
男,沈阳
女,石家庄
女,上海
男,武汉
女,成都
女,广州
女,上海
女,深圳
男,湖北
女,梧州
女,海淀
男,成都
男,宁波
女,广州
男,青岛
男,重庆
女,长宁
女,天津
男,重庆
女,上海
男,重庆
男,昆明
男,北京
女,中山
男,南京
女,廊坊
女,重庆
男,朝阳
男,杭州
男,朝阳
女,摩洛哥
男,朝阳
女,成都
男,广州
女,武汉
女,广州
女,杭州
女,成都
女,泉州
女,武汉
女,深圳
男,海口
女,厦门
男,洛阳
男,朝阳
男,广州
男,杭州
女,广州
女,沈阳
男,淮北
女,北京
女,长沙
女,北京
男,重庆
男,宜昌
女,沈阳
女,北京
女,河北
女,广州
女,贵阳
女,金华
男,石家庄
女,拉萨
女,武汉
女,宜春
男,南昌
女,大连
男,湛江
女,北京
男,朝阳
男,天津
男,南宁
女,哈尔滨
女,广州
男,厦门
女,泉州
女,中国
女,许昌
女,惠州
男,济南
男,广州
男,宜昌
女,抚顺
女,大理
男,南宁
男,桂林
男,广州
女,太原
男,成都
男,温州
男,广州
女,佛山
女,西安
女,北京
女,荆州
女,成都
女,朝阳区
男,北京
女,广州
女,阿克苏
女,娄底
女,北京
女,佛山
男,泰安
女,成都
女,成都
男,成都
女,大理
男,呼和浩特
男,成都
女,深圳
男,长沙
女,黔东南
女,太原
女,武汉
女,广州
女,成都
男,西藏
男,佛山
女,深圳
女,广州
男,丽江
男,房山
女,重庆
女,天津
女,扬州
男,北京
女,深圳
女,佛山
男,宁波
女,重庆
女,广州
女,佛山
女,深圳
男,西安
男,垦丁
男,柳州
女,台北市
女,广州
女,成都
女,十堰
女,浦东新区
女,南京
男,成都
女,石家庄
女,杭州
男,广州
女,东莞
女,乐山
女,柳州
女,朝阳
女,杭州
女,重庆
男,杭州
女,重庆
女,成都
女,佛山
女,扬州
男,北京
女,重庆
女,青岛
女,宁波
男,南京
女,成都
男,长沙
女,武汉
女,宁德
女,广州
男,西安
男,深圳
女,上海
男,深圳
男,杭州
女,武汉
女,朝阳区
女,北京
男,厦门
女,爱尔巴桑
女,昆明
女,成都
女,广州
男,光山县
女,重庆
男,丽江
女,维多利亚州
女,丽江
女,遂宁
男,北京
女,成都
女,济南
男,乌兰察布
男,丽江
女,成都
男,北京
女,长宁区
男,福建
女,天津
男,西安
女,Beijing
女,北京
女,重庆
女,泉州
