东方水城,男,苏州
旅时帧,男,苏州
黑骏马,男,上海
黑骏马,男,上海
蚊在旅途,男,上海
疯哥看世界,男,天津
蓬头稚子,女,盐城
康康,男,泉州
康康,男,泉州
三姐,女,临沂
三姐,女,临沂
彪標,男,上海
zfelva,女,上海
我心飞翔,男,北京
乐小诗,女,Oakland City
秋葭,男,湘潭
Kayak,女,台北
走向世界的塔奇奥,女,布达佩斯
行走的王子,男,None
晋阳,男,大连
芳草碧连天,女,嘉定
陌上花开,女,常州
尹子,女,苏州
风月散人,男,苏州
风月散人,男,苏州
风月散人,男,苏州
hongbo,男,上海
旧言,男,苏州
烂漫的山花,女,苏州
HIgh.,男,太原
鹿小帅,男,北京
None,未知,盱眙
百科小强522,女,上海
应志刚@文艺范流氓,男,苏州
阿甘精神,男,苏州
GC,女,嘉兴
阿甘精神,男,苏州
旅行达人琳琳,女,黑龙江
Alisa郭慧,女,长宁
正版天涯,男,宝山
小易,女,长春
一路向前,男,泉州
猫脸大,女,重庆
熊~,男,上海
Momo想去旅行,女,上海
马蜂窝用户小民,女,None
心的容颜,女,北京
None,未知,天津
None,未知,兰州
碧海银沙,男,武汉
荷铭,女,北京
紫云客栈,女,同里
橙灰摄影师,男,厦门
许伟苹,男,洛阳
戰神1番,男,苏州
BigBigMonster,女,苏州
🐝,女,松江
亦然,女,苏州
樱~枫fox,男,合肥
None,未知,济南
jml炫彩,女,武汉
None,未知,None
走走停停,女,上海
大大泡泡糖,女,深圳
大大泡泡糖,女,深圳
大大泡泡糖,女,深圳
追火车,男,上海
None,未知,None
走自己的路,男,大连市
旅时帧,男,苏州
China小兔,女,上海
抄家伙,女,闵行
雪松道人,男,渭南
二姑娘走天涯,女,济南
三只熊宝美美哒,女,青岛
秀的窝窝,女,辽宁
None,未知,无锡
L.D~Blithe袁_你与美只差一个Bt袁,男,None
琉璃阳光,男,北京
Whysoserious?,女,乌鲁木齐
微笑面对🌸,女,镇江
亂秋之楓,男,南京
萤火虫团建,男,上海
山脚下的浩特,男,新巴尔虎左旗
大眼看世界,男,深圳
小燕子穿花衣,女,上海
-pander-,女,海淀区
Decoiiiiii,男,厦门
山脚下的浩特,男,新巴尔虎左旗
haoziy,女,浦东新区
None,未知,杭州
君,女,本溪
安静心蓝,女,湖州
蓦然回首,女,北京
七月,女,周口
醉ぶ猫＆戨,男,广州
Cherry,女,苏州
心系远方,男,太原
猪猪♥哥^(oo)^,女,苏州
马蜂窝用户,女,科尔切斯特
杨哟哟,女,None
suri216,女,新加坡
缘来是你,男,廊坊
None,未知,南京
None,未知,北京
春风扬柳,男,无锡
清扬,男,常州
None,未知,大连
None,未知,None
带着四喜走四方,女,北京
李品忠,男,上海
莹,女,北京
李品忠,男,上海
Vera,女,常州
荒原之牛,男,成都
刘剑伟,男,苏州
จุ๊บ麦包纸🍄,女,苏州
缓缓,女,长宁
菲跃,男,嘉定
香橙大喵,女,杭州
花飞春梦,女,苏州
None,未知,上海
薇薇安的行摄世界,女,None
Kate,女,南京
施初仁青,女,北京
殷颖,女,上海
西东,男,苏州
None,未知,青岛
杨辣辣不辣,女,北京
李品忠,男,上海
蕾蕾,女,大连
温如月,女,潍坊
阿飞,男,上海
阳光🍄,女,杭州
斌,男,天津
小米粒mini的麻麻,女,None
None,未知,天津
露叶的向往生活,女,苏州
🐰李糖豆,女,苏州
不见当年紫衣深,男,None
Juanzi金牛座妈妈,女,上海
None,未知,None
飞盏.湖鸢,男,南京
小雨林麻麻,女,None
