男孩已老,男,天津
上上芊,女,沈阳
慕容十八剑,男,朝阳
重口味啲小清新,男,哈尔滨
马蜂窝用户文斌,男,石家庄
马蜂窝用户文斌,男,石家庄
木子,女,None
茶子.GioLee,女,柳州
田间地头,女,淄博
熊猫和斑马,男,芜湖
马蜂窝用户,女,北京
锵锵安徽游,女,合肥
锵锵安徽游,女,合肥
老K,男,南京
None,未知,None
脚步丈量世界,女,成都
许诺,男,丰台
云端,女,辽宁
None,未知,None
老帕,男,北京
风情雨漫,男,武汉
北路的阿狸๑,女,桃园县
琉璃,女,苏州
大大泡泡糖,女,深圳
oぃ尐胖纸!,男,芜湖
小菲菲,女,丰台
汤沧海,男,长沙
擎天威,男,北京
我是鱼~~~,女,襄阳
None,未知,None
None,未知,None
偷偷的维西,女,宁波
None,未知,None
向日葵Luisa,女,南京
老驴,男,杭州
梦幻星空,男,北京
六里,女,合肥
刁鸣,女,None
刘·Sir,男,郑州
None,未知,上海
波波糖,男,南宁
碧海银沙,男,武汉
梧桐桐,女,武汉
leiyinghaolao,男,武汉
Hovey_Huo,女,杭州
日落山影,男,北京
玩家,男,西城
一喃,女,武汉
吕魔头,男,合肥
None,未知,None
初阳,女,上海
海风,男,青岛
小陈同学,女,马鞍山
None,未知,None
Mercury玟,女,广州
长腿_蜗牛,女,济南
爱可晓鱼,男,宁波
到处走走,男,深圳
斌,男,天津
咕歌,男,徐州
小呆瓜,女,None
新西兰,女,茂名
黟县徽黄旅游集团,女,黟县
黟县徽黄旅游集团,女,黟县
夏添,女,南京
徐伟,男,南京
赚钱使劲花,男,和田
讀行者,男,舟山
君子之交,男,北京
苏丹卿,女,深圳
傲慢的宫宫,女,郑州
None,未知,希腊
None,未知,杭州
黟县徽黄旅游集团,女,黟县
二饼,女,沈阳
LionYY,男,沈阳
柚子你个大南瓜,男,阿里
二B青年欢乐多,男,南京
山隐深都,男,阜阳
None,未知,None
秀Rebecca,女,太原
怡💋见倾心✨,女,扬州
🌿弋徒行者,女,天津
🌿弋徒行者,女,天津
🌿弋徒行者,女,天津
日尧少酱,女,日照
青鸟,男,None
Joy,女,杭州
玄机,男,合肥
赵勇,男,重庆
沧浪水,男,苏州
sundy,女,深圳
None,未知,宣城
莫尔,女,深圳
Nick哈哈,男,合肥
闲云孤鹤,男,曲靖
黟县徽黄旅游集团,女,黟县
黟县徽黄旅游集团,女,黟县
王媛媛,女,天津
黟县徽黄旅游集团,女,黟县
None,未知,None
None,未知,None
珠川客栈徽州女人,女,None
马蜂窝用户,男,和平区
王凯,男,None
马蜂窝用户,女,定西
None,未知,南京
珠川客栈徽州女人,女,None
子曰18319,男,上海
子曰18319,男,上海
名次对我无所谓,男,None
天热打伞,男,天津
None,未知,None
心不动，情在行,男,杭州
warrior,男,北京
湖面春风,男,中国江西
平安8688,男,南京
扬州侠客,男,深圳
None,未知,西递
夏天叶子,男,无锡
一直在路上,女,北京
Cranberry,女,景德镇
None,未知,北京
大鹅666,女,北京
None,未知,None
季小鹿,女,长沙
夕阳下的海洋,女,上海
None,未知,None
Dido,女,合肥
东方之韵,女,营口
fanchess,男,上海
空山寂寂·秋水悠,女,丹东
暖穑&蔷薇殇,女,惠州
None,未知,上海
搬仓鼠户外旅行,男,北京
樱~枫fox,男,合肥
昆仑烟云,男,韶关
dingdang甜筒,女,绍兴
