AC-Fire,女,上海
插队(田艳光),男,北京
假期17U**@加宁,男,fj
mwhsp16,男,上海
love-amy,女,天津
金太狼,男,南昌
island,女,北京
贪玩儿&聃,女,厦门
爱中国,男,阜新
干巴鱼片,女,长春
雪舞,女,西安
亦琛,男,Aomori-shi 
豌豆豆,女,None
happybird,男,厦门
happybird,男,厦门
ada,女,None
Dancy✨,女,河源
秋逸,男,遂宁
阿诺,女,泉州
芸儿,女,汕头
TingoJo爱大连,女,大连
wupeilu115,女,北京
吉利,女,漳浦
蚂蜂窝用户,女,佛山
夏夏,女,乌鲁木齐
哟兮^O^,女,福州
思路,男,广州
None,未知,None
LionYY,男,沈阳
None,未知,None
常德洁哥,男,常德
飘飘,女,北京
None,未知,None
生活还地继续,男,泉州
华,女,None
None,未知,None
行一,男,温州
暴躁土豆终结者,女,昆明
.,女,None
歪,女,惠州
进击的猪八,男,None
恬静,女,赣州
None,未知,None
小张,女,漳州
孤独者,女,重庆
文颖秋,男,大连
None,未知,杭州
倪民,男,随州
立雨,男,仙游
梦窗,男,深圳
郑爱燕,女,汕头
cccc2222333,女,广州
随缘自在,男,南宁
Caroll,女,福州
笨鱼,男,None
六个圈,女,北京
None,未知,合肥
dingdong,男,福州
一点红,女,泰州
Foo,女,深圳
张先森,男,厦门
cherry媛小妮,女,福州
小小苏,女,福州
Kirsty,女,厦门
TAE,男,None
蚂蜂窝用户646754,女,阿尔山
偷得浮生禅红尘,男,上海
途狼,男,北京
None,未知,None
风雪山人,男,北京
可可雨,女,福州
None,未知,None
邋遢猫,女,广州
ViVi薇女子,女,朝阳
金苹果,女,郑州
厦门旅游人,男,厦门
琥珀,女,宁波
None,未知,None
缨.ing,女,None
飞呀飞呀飞,男,None
Eva,女,昌平
甘肃导游,女,陇南
棕。,男,福州
自在清风,女,南昌
快乐的七彩鱼,女,None
娜是我,女,厦门
一个人De旅行,女,朝阳
五叶一枝花,男,广州
Jjh,男,汕头
花瓣雨余桐,女,广州
马蜂窝用户,女,丽江
小年生日,女,潍坊
心禾·海哨,女,温州
航海日志,女,None
Anne,女,厦门
露亦,女,上海
我爱大自然,女,福州
小亚巴巴去旅行,女,深圳
黄国强giles,男,广州
满仓,男,乌海
